"","Virus2h_vs_Control2h","Virus6h_vs_Control6h","Virus10h_vs_Control10h","Virus24h_vs_Control24h"
"Control 2h","Control2h","","",""
"Control 2h_2","Control2h","","",""
"Control 2h_3","Control2h","","",""
"Control 6h_1","","Control6h","",""
"Control 6h_2","","Control6h","",""
"Control 6h_3","","Control6h","",""
"Control 10h_1","","","Control10h",""
"Control 10h_2","","","Control10h",""
"Control 10h_3","","","Control10h",""
"Control 24h_1","","","","Control24h"
"Control 24h_2","","","","Control24h"
"Control 24h_3","","","","Control24h"
"Virus 2h_1","Virus2h","","",""
"Virus 2h_2","Virus2h","","",""
"Virus 2h_3","Virus2h","","",""
"Virus 6h_1","","Virus6h","",""
"Virus 6h_2","","Virus6h","",""
"Virus 6h_3","","Virus6h","",""
"Virus 10h_1","","","Virus10h",""
"Virus 10h_2","","","Virus10h",""
"Virus 10h_3","","","Virus10h",""
"Virus 24h_1","","","","Virus24h"
"Virus 24h_2","","","","Virus24h"
"Virus 24h_3","","","","Virus24h"
